schedule,od
0.8437051917514964,LAX_DTLA
1.8418225704353972,LAX_DTLA
3.1572293297413125,LAX_DTLA
3.813425276256112,LAX_DTLA
6.473509482656027,LAX_DTLA
6.881162669330479,LAX_DTLA
7.747864981606199,LAX_DTLA
9.985691182582968,LAX_DTLA
13.486242414868912,LAX_DTLA
15.153765908636842,LAX_DTLA
19.824804325660807,LAX_DTLA
21.405681398867273,LAX_DTLA
22.946011800419683,LAX_DTLA
25.539570197666762,LAX_DTLA
26.2853385867636,LAX_DTLA
28.987060929762947,LAX_DTLA
35.99689342168426,LAX_DTLA
38.12713582974391,LAX_DTLA
40.53227293191074,LAX_DTLA
42.068587072575326,LAX_DTLA
43.1884729991605,LAX_DTLA
44.15215065888601,LAX_DTLA
44.97344583207516,LAX_DTLA
50.46418179019297,LAX_DTLA
52.510973025988555,LAX_DTLA
57.931589306716674,LAX_DTLA
60.6564945243138,LAX_DTLA
61.57785441600464,LAX_DTLA
66.24554862041492,LAX_DTLA
68.47730409546517,LAX_DTLA
70.68093021797156,LAX_DTLA
72.85044753286458,LAX_DTLA
78.5446640348094,LAX_DTLA
85.3821959334562,LAX_DTLA
91.1524394208941,LAX_DTLA
102.66747886066888,LAX_DTLA
108.76799415329708,LAX_DTLA
113.71791732723031,LAX_DTLA
119.37171566874392,LAX_DTLA
159.99827420545606,LAX_DTLA
174.81487445769173,LAX_DTLA
208.64561251809607,LAX_DTLA
214.10286742891407,LAX_DTLA
315.59881522261156,LAX_DTLA
322.5362484698097,LAX_DTLA
325.25000372928014,LAX_DTLA
331.8480205218533,LAX_DTLA
334.01773346150225,LAX_DTLA
339.77074032241705,LAX_DTLA
353.4424490778407,LAX_DTLA
355.4771730564589,LAX_DTLA
361.7995341736959,LAX_DTLA
362.20007765678054,LAX_DTLA
366.82744860388374,LAX_DTLA
380.9010423876906,LAX_DTLA
386.6576490234577,LAX_DTLA
391.93551747869884,LAX_DTLA
395.93670539669756,LAX_DTLA
397.4994372067546,LAX_DTLA
398.5864336315702,LAX_DTLA
399.37541669980556,LAX_DTLA
400.2262595962285,LAX_DTLA
401.3216823111282,LAX_DTLA
402.70674006353744,LAX_DTLA
403.4898113632075,LAX_DTLA
405.45948551252536,LAX_DTLA
406.11048221746347,LAX_DTLA
406.3007635211996,LAX_DTLA
407.62742534153716,LAX_DTLA
408.90728636997983,LAX_DTLA
414.2410137875087,LAX_DTLA
415.49903615680074,LAX_DTLA
415.8037929327968,LAX_DTLA
416.7440147767116,LAX_DTLA
417.2777137090428,LAX_DTLA
417.67075395985603,LAX_DTLA
417.97076234779246,LAX_DTLA
419.2254329075669,LAX_DTLA
419.48919482420195,LAX_DTLA
420.836801777182,LAX_DTLA
422.2909473469637,LAX_DTLA
425.727867106248,LAX_DTLA
428.71066861730026,LAX_DTLA
434.0248029846883,LAX_DTLA
435.41870015180046,LAX_DTLA
438.26577754368014,LAX_DTLA
439.8876975830416,LAX_DTLA
440.8017559466327,LAX_DTLA
441.3327412772827,LAX_DTLA
442.40384359337116,LAX_DTLA
448.3251331584994,LAX_DTLA
450.1875198183632,LAX_DTLA
450.93662586784137,LAX_DTLA
451.404231998912,LAX_DTLA
451.9283908909058,LAX_DTLA
455.1643817180786,LAX_DTLA
458.25251479185596,LAX_DTLA
459.9090422391533,LAX_DTLA
460.4007534559976,LAX_DTLA
460.76935719505093,LAX_DTLA
461.2425628576466,LAX_DTLA
462.1004186316159,LAX_DTLA
462.73872612670914,LAX_DTLA
463.56108577008547,LAX_DTLA
464.4185863897946,LAX_DTLA
465.3165499162832,LAX_DTLA
466.1947108905836,LAX_DTLA
469.28313083234895,LAX_DTLA
471.33448990537477,LAX_DTLA
472.903116227451,LAX_DTLA
473.0867104789715,LAX_DTLA
474.1980062236452,LAX_DTLA
474.67518028743206,LAX_DTLA
475.6050335140986,LAX_DTLA
482.24674401706017,LAX_DTLA
483.11862669177617,LAX_DTLA
484.66031459650105,LAX_DTLA
485.89064395768565,LAX_DTLA
486.5196677984985,LAX_DTLA
486.9087553676126,LAX_DTLA
493.10844142992266,LAX_DTLA
499.2844138308196,LAX_DTLA
501.55721228621195,LAX_DTLA
502.45098286901526,LAX_DTLA
503.5687441164683,LAX_DTLA
505.3940307873098,LAX_DTLA
508.8969368288741,LAX_DTLA
510.268807530775,LAX_DTLA
511.3636036583199,LAX_DTLA
512.2602319892231,LAX_DTLA
515.3415825793343,LAX_DTLA
516.4770833170053,LAX_DTLA
517.0938941405371,LAX_DTLA
518.1335852561995,LAX_DTLA
520.0689311292348,LAX_DTLA
520.9087979367839,LAX_DTLA
522.5804091923255,LAX_DTLA
523.1240316640677,LAX_DTLA
525.3095669273376,LAX_DTLA
527.139851074229,LAX_DTLA
533.0583603259288,LAX_DTLA
536.6539651158726,LAX_DTLA
538.1133931032581,LAX_DTLA
538.5879474053936,LAX_DTLA
539.2280573388912,LAX_DTLA
539.9114841774775,LAX_DTLA
540.3780340592365,LAX_DTLA
540.7881255872285,LAX_DTLA
541.2275500127048,LAX_DTLA
544.1319346509345,LAX_DTLA
545.6078249177398,LAX_DTLA
547.3103431242255,LAX_DTLA
548.4100637696316,LAX_DTLA
550.166914157079,LAX_DTLA
551.1292405640191,LAX_DTLA
552.3756713753249,LAX_DTLA
553.3710164778925,LAX_DTLA
554.0723466561676,LAX_DTLA
554.693427197662,LAX_DTLA
555.1161779238853,LAX_DTLA
555.8914256580332,LAX_DTLA
557.4355211537171,LAX_DTLA
562.1265534261377,LAX_DTLA
563.7393862183264,LAX_DTLA
565.0301698767897,LAX_DTLA
566.3511284965458,LAX_DTLA
566.9135157169382,LAX_DTLA
568.3426626112415,LAX_DTLA
569.2368970243007,LAX_DTLA
570.1508069533188,LAX_DTLA
571.1309997184093,LAX_DTLA
572.0748659536725,LAX_DTLA
573.3303979597869,LAX_DTLA
574.5455650295113,LAX_DTLA
575.4794769452087,LAX_DTLA
576.4515276064687,LAX_DTLA
577.1442653753288,LAX_DTLA
577.7276648536338,LAX_DTLA
578.8431687924966,LAX_DTLA
579.3456433377395,LAX_DTLA
579.7871693151807,LAX_DTLA
581.4206400011249,LAX_DTLA
584.7965089376652,LAX_DTLA
587.435160040524,LAX_DTLA
588.4225035134772,LAX_DTLA
590.1264574711777,LAX_DTLA
590.8847215922028,LAX_DTLA
591.9576032685795,LAX_DTLA
593.0370014344197,LAX_DTLA
593.9589966532573,LAX_DTLA
594.4792336603214,LAX_DTLA
596.6793531125408,LAX_DTLA
598.4390493567586,LAX_DTLA
602.5068304511824,LAX_DTLA
605.3870562148306,LAX_DTLA
607.456395183298,LAX_DTLA
612.1684194128209,LAX_DTLA
613.8844057990495,LAX_DTLA
615.185078186507,LAX_DTLA
616.3057383261761,LAX_DTLA
617.7643885134223,LAX_DTLA
620.0919570721729,LAX_DTLA
625.364061859618,LAX_DTLA
626.0193789581169,LAX_DTLA
627.4236400388919,LAX_DTLA
627.891819858091,LAX_DTLA
629.0009300782126,LAX_DTLA
629.7361149619466,LAX_DTLA
630.3234323264296,LAX_DTLA
632.2729738571279,LAX_DTLA
633.6650992380385,LAX_DTLA
634.8202319915866,LAX_DTLA
638.3396449758018,LAX_DTLA
639.6974650149192,LAX_DTLA
641.221529091054,LAX_DTLA
641.6790766544445,LAX_DTLA
642.1773070511774,LAX_DTLA
643.5248477524574,LAX_DTLA
646.93933163527,LAX_DTLA
649.7307622345626,LAX_DTLA
650.3493450309569,LAX_DTLA
651.7651074703108,LAX_DTLA
652.1883471137018,LAX_DTLA
652.8734335017671,LAX_DTLA
654.8884590199061,LAX_DTLA
656.5558769168701,LAX_DTLA
657.911742392047,LAX_DTLA
659.0238311960574,LAX_DTLA
659.977883330761,LAX_DTLA
663.0191509558082,LAX_DTLA
667.2483177808073,LAX_DTLA
669.1616943137582,LAX_DTLA
670.0968292883557,LAX_DTLA
675.3628473519983,LAX_DTLA
678.5095062423239,LAX_DTLA
679.0514320015491,LAX_DTLA
679.7998906669715,LAX_DTLA
680.7712674898428,LAX_DTLA
681.6595188818197,LAX_DTLA
682.1317367353273,LAX_DTLA
682.999857325247,LAX_DTLA
685.6519053521303,LAX_DTLA
686.816622469173,LAX_DTLA
688.3298458620156,LAX_DTLA
691.5070901941336,LAX_DTLA
692.6827958288211,LAX_DTLA
693.515012071814,LAX_DTLA
694.4426312054699,LAX_DTLA
695.0434987988366,LAX_DTLA
695.7672367899418,LAX_DTLA
697.2925952090079,LAX_DTLA
698.6871602252824,LAX_DTLA
699.1671160447371,LAX_DTLA
700.4043429578365,LAX_DTLA
705.3059355002074,LAX_DTLA
705.9466467010957,LAX_DTLA
707.0592785215327,LAX_DTLA
709.1699609294146,LAX_DTLA
710.4264321569093,LAX_DTLA
716.3711144236355,LAX_DTLA
718.3187015021704,LAX_DTLA
719.4217766919656,LAX_DTLA
720.5123718956361,LAX_DTLA
721.0984173977979,LAX_DTLA
722.3654995902526,LAX_DTLA
725.3332042354564,LAX_DTLA
727.3221621552763,LAX_DTLA
731.954819737398,LAX_DTLA
733.2257626835802,LAX_DTLA
734.5185272779356,LAX_DTLA
735.335866830418,LAX_DTLA
737.7258412836661,LAX_DTLA
740.1719920246162,LAX_DTLA
741.0794824505829,LAX_DTLA
744.3008878394335,LAX_DTLA
745.7169303850851,LAX_DTLA
746.5876114407283,LAX_DTLA
747.5822991257239,LAX_DTLA
749.4841021646504,LAX_DTLA
753.9220739417804,LAX_DTLA
756.7697315754488,LAX_DTLA
757.8886906082411,LAX_DTLA
758.740640411928,LAX_DTLA
761.6261199084463,LAX_DTLA
763.2926003473625,LAX_DTLA
764.4595090880299,LAX_DTLA
766.3922882362543,LAX_DTLA
767.8514870017113,LAX_DTLA
770.7653200978584,LAX_DTLA
771.3873597835842,LAX_DTLA
776.3201742311893,LAX_DTLA
776.8454620872188,LAX_DTLA
778.3635425527194,LAX_DTLA
780.3944227115051,LAX_DTLA
783.575466673208,LAX_DTLA
784.5773204523324,LAX_DTLA
785.4805564316526,LAX_DTLA
786.8695255210744,LAX_DTLA
788.4823128929397,LAX_DTLA
789.9296916528638,LAX_DTLA
793.0004480214752,LAX_DTLA
793.5848821922928,LAX_DTLA
794.4548618630539,LAX_DTLA
794.9832865396721,LAX_DTLA
796.2369059613313,LAX_DTLA
796.9377614817594,LAX_DTLA
797.9162095893195,LAX_DTLA
801.2427929825918,LAX_DTLA
802.6248456647446,LAX_DTLA
804.752441647479,LAX_DTLA
806.0307180245929,LAX_DTLA
807.4467996660964,LAX_DTLA
807.8302637649194,LAX_DTLA
810.6494792966806,LAX_DTLA
813.7304575510899,LAX_DTLA
814.6504544171016,LAX_DTLA
817.7867742334528,LAX_DTLA
818.253408223156,LAX_DTLA
818.8860850124097,LAX_DTLA
819.461385056503,LAX_DTLA
821.0622445148081,LAX_DTLA
822.4514630295844,LAX_DTLA
825.0044710866366,LAX_DTLA
827.5085748007739,LAX_DTLA
829.043283313911,LAX_DTLA
831.2528512451457,LAX_DTLA
833.2238752056843,LAX_DTLA
837.8062460345029,LAX_DTLA
841.0347690262771,LAX_DTLA
842.41581110428,LAX_DTLA
844.0132321182253,LAX_DTLA
846.3440688783026,LAX_DTLA
847.4331254814982,LAX_DTLA
852.482633705563,LAX_DTLA
853.3178398424551,LAX_DTLA
854.3274449724172,LAX_DTLA
856.5906489468312,LAX_DTLA
857.5866792369338,LAX_DTLA
860.5502699075292,LAX_DTLA
862.3322327962371,LAX_DTLA
867.9302737303402,LAX_DTLA
870.2424870281641,LAX_DTLA
871.1199255076586,LAX_DTLA
872.6668320441256,LAX_DTLA
872.9879788049894,LAX_DTLA
875.3503468504136,LAX_DTLA
876.6558492670672,LAX_DTLA
879.7527879753561,LAX_DTLA
880.6990754483085,LAX_DTLA
881.7726827798418,LAX_DTLA
882.5530439633261,LAX_DTLA
885.9770270207174,LAX_DTLA
888.3827477183263,LAX_DTLA
889.1842047790535,LAX_DTLA
889.7992010722985,LAX_DTLA
891.5353917778385,LAX_DTLA
894.267801403436,LAX_DTLA
895.3868897512787,LAX_DTLA
898.4480401020243,LAX_DTLA
899.3617028587611,LAX_DTLA
900.149385914087,LAX_DTLA
900.5252340974711,LAX_DTLA
901.7597549255797,LAX_DTLA
904.5107494962125,LAX_DTLA
908.0308198007598,LAX_DTLA
909.4459278125266,LAX_DTLA
911.2284861554157,LAX_DTLA
912.6427824589945,LAX_DTLA
912.9836187344549,LAX_DTLA
914.8823448471957,LAX_DTLA
919.5139821833933,LAX_DTLA
920.9454565085299,LAX_DTLA
921.9178331324151,LAX_DTLA
922.44022401602,LAX_DTLA
923.3595535064303,LAX_DTLA
923.6839841651749,LAX_DTLA
924.4865207778005,LAX_DTLA
925.9514968268427,LAX_DTLA
926.7033505718575,LAX_DTLA
931.6720626205582,LAX_DTLA
932.3656174184455,LAX_DTLA
935.1747683635473,LAX_DTLA
935.8887177824627,LAX_DTLA
937.3217554314705,LAX_DTLA
938.897485423217,LAX_DTLA
944.4327142348609,LAX_DTLA
946.1819210746607,LAX_DTLA
948.0523984472322,LAX_DTLA
948.9557395302496,LAX_DTLA
949.7937237858424,LAX_DTLA
952.799558028642,LAX_DTLA
953.0150169238286,LAX_DTLA
953.9560135734006,LAX_DTLA
954.7780020645434,LAX_DTLA
956.327983434917,LAX_DTLA
958.2106296156511,LAX_DTLA
959.2624263414804,LAX_DTLA
960.3761371096159,LAX_DTLA
961.2610329273367,LAX_DTLA
962.8361276508859,LAX_DTLA
963.6938271968635,LAX_DTLA
965.7001019186795,LAX_DTLA
968.9864542104373,LAX_DTLA
970.7665657262154,LAX_DTLA
976.9762812180145,LAX_DTLA
978.5408225983019,LAX_DTLA
979.6786997133931,LAX_DTLA
980.1145898732224,LAX_DTLA
980.5478168155059,LAX_DTLA
981.1333855223769,LAX_DTLA
982.0282804857522,LAX_DTLA
982.7582303409844,LAX_DTLA
983.7752892100788,LAX_DTLA
984.104846891835,LAX_DTLA
986.3993441084057,LAX_DTLA
987.1269634874093,LAX_DTLA
988.4495616680575,LAX_DTLA
990.1825830161056,LAX_DTLA
990.9611955104217,LAX_DTLA
991.2756224008125,LAX_DTLA
992.2441036976657,LAX_DTLA
992.9227739913899,LAX_DTLA
993.9433458093526,LAX_DTLA
996.1213746992187,LAX_DTLA
997.4481497171665,LAX_DTLA
999.2931720131703,LAX_DTLA
1001.8232493258729,LAX_DTLA
1004.7251057553892,LAX_DTLA
1007.8854396238345,LAX_DTLA
1009.6626826981534,LAX_DTLA
1012.4294452604823,LAX_DTLA
1013.245697722412,LAX_DTLA
1013.8819869147754,LAX_DTLA
1017.2239392477578,LAX_DTLA
1020.7429675827665,LAX_DTLA
1021.6702800115098,LAX_DTLA
1022.8204034825761,LAX_DTLA
1023.892081166164,LAX_DTLA
1024.1713244790183,LAX_DTLA
1025.0265471076023,LAX_DTLA
1026.9193980130515,LAX_DTLA
1027.765578113383,LAX_DTLA
1033.0331929402282,LAX_DTLA
1033.4334908765436,LAX_DTLA
1034.0695377612121,LAX_DTLA
1034.5893912051602,LAX_DTLA
1035.313701572373,LAX_DTLA
1035.8617068828128,LAX_DTLA
1036.9450714459324,LAX_DTLA
1037.7795503708176,LAX_DTLA
1039.1045034245622,LAX_DTLA
1042.8886530217815,LAX_DTLA
1048.1388654576351,LAX_DTLA
1050.8473356844042,LAX_DTLA
1053.425511953393,LAX_DTLA
1057.3326885846504,LAX_DTLA
1059.4272417938962,LAX_DTLA
1060.8195312098167,LAX_DTLA
1061.815990685577,LAX_DTLA
1062.788356330545,LAX_DTLA
1066.8101734765635,LAX_DTLA
1067.4272032151114,LAX_DTLA
1068.612581159994,LAX_DTLA
1069.4852941752533,LAX_DTLA
1070.6934668753372,LAX_DTLA
1071.9658960388983,LAX_DTLA
1072.9118204454226,LAX_DTLA
1075.5745134114106,LAX_DTLA
1078.2486410422762,LAX_DTLA
1079.8317273193802,LAX_DTLA
1081.6557285969657,LAX_DTLA
1082.7902512454677,LAX_DTLA
1084.1303139532665,LAX_DTLA
1084.3802097611383,LAX_DTLA
1084.975777326339,LAX_DTLA
1086.0737254358207,LAX_DTLA
1086.5075848781569,LAX_DTLA
1088.5032435147077,LAX_DTLA
1089.4886513886509,LAX_DTLA
1091.4406371983318,LAX_DTLA
1096.1193174337488,LAX_DTLA
1096.900254412602,LAX_DTLA
1098.5572311353567,LAX_DTLA
1099.6018438961878,LAX_DTLA
1101.202150936662,LAX_DTLA
1102.1500010040652,LAX_DTLA
1103.4347203871403,LAX_DTLA
1104.8714587297104,LAX_DTLA
1106.2376231590586,LAX_DTLA
1107.568884562436,LAX_DTLA
1114.7670266274388,LAX_DTLA
1115.6153533577933,LAX_DTLA
1116.700285271801,LAX_DTLA
1118.7294972025136,LAX_DTLA
1119.2478854429646,LAX_DTLA
1119.6954995418387,LAX_DTLA
1121.4052820095317,LAX_DTLA
1124.0615582669677,LAX_DTLA
1125.9781726394556,LAX_DTLA
1127.4485054082938,LAX_DTLA
1127.9355705577893,LAX_DTLA
1128.7568807711161,LAX_DTLA
1131.4518314550348,LAX_DTLA
1132.4582971750724,LAX_DTLA
1133.3092612133626,LAX_DTLA
1134.1555403411064,LAX_DTLA
1140.2805668956187,LAX_DTLA
1142.022805445604,LAX_DTLA
1143.2343289207956,LAX_DTLA
1144.1619117008377,LAX_DTLA
1145.2504969007214,LAX_DTLA
1145.8329325887996,LAX_DTLA
1146.6666402179126,LAX_DTLA
1147.5337296815014,LAX_DTLA
1147.9944245216673,LAX_DTLA
1149.0728773551837,LAX_DTLA
1150.347390448262,LAX_DTLA
1151.3682478314056,LAX_DTLA
1153.007928933822,LAX_DTLA
1153.4397470746014,LAX_DTLA
1154.5691934623085,LAX_DTLA
1154.8918770549851,LAX_DTLA
1156.3688238971222,LAX_DTLA
1157.4028038474598,LAX_DTLA
1160.1650609036926,LAX_DTLA
1162.9608627004425,LAX_DTLA
1164.8930260667794,LAX_DTLA
1170.247528552361,LAX_DTLA
1170.6752169928661,LAX_DTLA
1171.0513340270236,LAX_DTLA
1171.6993664235065,LAX_DTLA
1172.5659228184622,LAX_DTLA
1173.348175826509,LAX_DTLA
1174.0541627013047,LAX_DTLA
1175.6049052387543,LAX_DTLA
1176.7190429592276,LAX_DTLA
1180.5510375916012,LAX_DTLA
1181.9278075595964,LAX_DTLA
1183.0116217210905,LAX_DTLA
1183.872308036821,LAX_DTLA
1184.4843289200062,LAX_DTLA
1185.1183397692946,LAX_DTLA
1186.7221159526262,LAX_DTLA
1187.691275261815,LAX_DTLA
1188.9159132214122,LAX_DTLA
1193.9285588693258,LAX_DTLA
1195.5766983927801,LAX_DTLA
1197.0782104983336,LAX_DTLA
1199.2133081849245,LAX_DTLA
1200.0355612189176,LAX_DTLA
1201.064543599925,LAX_DTLA
1201.871802215054,LAX_DTLA
1202.6185897719868,LAX_DTLA
1205.062703809829,LAX_DTLA
1207.196559155865,LAX_DTLA
1207.962078022189,LAX_DTLA
1209.0365621533463,LAX_DTLA
1209.5462709957471,LAX_DTLA
1210.6438896236207,LAX_DTLA
1211.3152955977805,LAX_DTLA
1211.8161228556687,LAX_DTLA
1212.0645298436539,LAX_DTLA
1214.6820681216266,LAX_DTLA
1216.1197600171622,LAX_DTLA
1218.7968879704326,LAX_DTLA
1221.4245535120683,LAX_DTLA
1222.1111336435358,LAX_DTLA
1227.161931344212,LAX_DTLA
1228.8421260569996,LAX_DTLA
1229.0557579642689,LAX_DTLA
1229.537076470732,LAX_DTLA
1230.3884803050996,LAX_DTLA
1231.1938899552365,LAX_DTLA
1231.7972915732962,LAX_DTLA
1234.7268450484485,LAX_DTLA
1239.2237064348317,LAX_DTLA
1241.5514169130577,LAX_DTLA
1242.4918778010444,LAX_DTLA
1247.6616424571034,LAX_DTLA
1249.5658239786537,LAX_DTLA
1250.939819030546,LAX_DTLA
1251.992919550101,LAX_DTLA
1252.8915017119637,LAX_DTLA
1253.9985317227288,LAX_DTLA
1254.538168963335,LAX_DTLA
1255.1188603739665,LAX_DTLA
1255.9556663195835,LAX_DTLA
1259.1015427856917,LAX_DTLA
1260.8745934916717,LAX_DTLA
1263.4427179382326,LAX_DTLA
1267.255850983609,LAX_DTLA
1268.5172366057366,LAX_DTLA
1269.3686457357953,LAX_DTLA
1269.7460158190322,LAX_DTLA
1270.2082360188497,LAX_DTLA
1270.56651903347,LAX_DTLA
1271.5601586409173,LAX_DTLA
1273.1113366939173,LAX_DTLA
1274.8077281642184,LAX_DTLA
1275.5544025412883,LAX_DTLA
1277.5722470050735,LAX_DTLA
1280.3846991143926,LAX_DTLA
1282.5413067673665,LAX_DTLA
1283.521345089506,LAX_DTLA
1284.6772510572132,LAX_DTLA
1285.9328758407514,LAX_DTLA
1287.339553727381,LAX_DTLA
1289.2141854562599,LAX_DTLA
1294.2271319249573,LAX_DTLA
1295.7273926852417,LAX_DTLA
1295.9822005797073,LAX_DTLA
1297.1860299344387,LAX_DTLA
1297.712420873874,LAX_DTLA
1298.7345614558371,LAX_DTLA
1301.0076730987605,LAX_DTLA
1302.6352626560506,LAX_DTLA
1304.4265495330737,LAX_DTLA
1305.7396224758945,LAX_DTLA
1306.9073350571891,LAX_DTLA
1309.866643644902,LAX_DTLA
1311.2744781952238,LAX_DTLA
1313.120872962341,LAX_DTLA
1313.9308630798478,LAX_DTLA
1315.2486727812718,LAX_DTLA
1315.410716407961,LAX_DTLA
1316.3223892901306,LAX_DTLA
1320.461267255666,LAX_DTLA
1321.0454391883752,LAX_DTLA
1321.475673043776,LAX_DTLA
1321.7591711412192,LAX_DTLA
1325.5154242602366,LAX_DTLA
1327.0520144273326,LAX_DTLA
1327.906317825491,LAX_DTLA
1328.8425454610792,LAX_DTLA
1329.7738684529816,LAX_DTLA
1330.7580298003013,LAX_DTLA
1334.9681124581234,LAX_DTLA
1336.2236236416807,LAX_DTLA
1337.5436387711686,LAX_DTLA
1337.9369549853384,LAX_DTLA
1338.7801386394904,LAX_DTLA
1339.0860283800332,LAX_DTLA
1339.5589429062752,LAX_DTLA
1341.030561131662,LAX_DTLA
1341.8640325570009,LAX_DTLA
1342.3353236101204,LAX_DTLA
1345.261821634354,LAX_DTLA
1345.5511047096654,LAX_DTLA
1346.248908268632,LAX_DTLA
1346.5819366334347,LAX_DTLA
1347.4674096750682,LAX_DTLA
1348.890769211671,LAX_DTLA
1349.7356562399457,LAX_DTLA
1350.959351707517,LAX_DTLA
1352.274957989478,LAX_DTLA
1353.1421053423821,LAX_DTLA
1355.5942880185112,LAX_DTLA
1356.6761520220673,LAX_DTLA
1358.5442230927538,LAX_DTLA
1361.6758468504504,LAX_DTLA
1364.760060136503,LAX_DTLA
1367.2712091418632,LAX_DTLA
1369.4507920772967,LAX_DTLA
1371.4746333395994,LAX_DTLA
1372.3860411725443,LAX_DTLA
1372.4800245221359,LAX_DTLA
1372.9973055721234,LAX_DTLA
1375.036336318196,LAX_DTLA
1376.4311643917601,LAX_DTLA
1377.6197059403266,LAX_DTLA
1379.6473204659956,LAX_DTLA
1380.8128504984822,LAX_DTLA
1382.0853737637597,LAX_DTLA
1387.2057168025094,LAX_DTLA
1388.9767622197169,LAX_DTLA
1390.5036477616911,LAX_DTLA
1392.9993606917958,LAX_DTLA
1394.0770050628455,LAX_DTLA
1396.7511222202938,LAX_DTLA
1397.870498884943,LAX_DTLA
1398.844427394291,LAX_DTLA
1399.760379908191,LAX_DTLA
1404.5726137711226,LAX_DTLA
1405.9344831258327,LAX_DTLA
1407.6375984723168,LAX_DTLA
1410.607269672057,LAX_DTLA
1417.332178331454,LAX_DTLA
1418.0906713472277,LAX_DTLA
1419.9879525604065,LAX_DTLA
1420.81063473035,LAX_DTLA
1423.015013138893,LAX_DTLA
1424.6113802321488,LAX_DTLA
1426.0546417424894,LAX_DTLA
1429.858582727084,LAX_DTLA
1431.7920529666928,LAX_DTLA
1434.7933765256785,LAX_DTLA
1435.1482885128326,LAX_DTLA
1435.8554605579536,LAX_DTLA
1436.6146320296975,LAX_DTLA
1438.138816672841,LAX_DTLA
24.436482348555245,DTLA_LAX
30.549538979397155,DTLA_LAX
36.556568069520694,DTLA_LAX
42.59260238243819,DTLA_LAX
52.415201868340205,DTLA_LAX
63.83695293305723,DTLA_LAX
69.42354545949138,DTLA_LAX
76.0966864699571,DTLA_LAX
81.70950447935135,DTLA_LAX
89.80687864136539,DTLA_LAX
130.37371156220559,DTLA_LAX
136.5285092821206,DTLA_LAX
143.23375234889468,DTLA_LAX
152.6325800306885,DTLA_LAX
157.93482607945145,DTLA_LAX
166.64044549403528,DTLA_LAX
175.7188437351083,DTLA_LAX
178.34951628627002,DTLA_LAX
180.5084917430904,DTLA_LAX
185.5135508036145,DTLA_LAX
188.4653258908661,DTLA_LAX
191.14319107045227,DTLA_LAX
193.02157901662042,DTLA_LAX
194.05784831818795,DTLA_LAX
199.8626796117061,DTLA_LAX
203.52947920823934,DTLA_LAX
206.07590534857889,DTLA_LAX
208.3682226901876,DTLA_LAX
210.37904515886993,DTLA_LAX
211.5622150019433,DTLA_LAX
215.0852410528225,DTLA_LAX
216.15662623138965,DTLA_LAX
219.25471971087347,DTLA_LAX
222.22884961412194,DTLA_LAX
222.95681099501837,DTLA_LAX
224.18108390727406,DTLA_LAX
225.68179709248025,DTLA_LAX
227.07315004713018,DTLA_LAX
229.36355526400433,DTLA_LAX
232.56174862926937,DTLA_LAX
233.4758865699713,DTLA_LAX
235.2429884323393,DTLA_LAX
238.17735043484805,DTLA_LAX
238.67307955127575,DTLA_LAX
239.84204712612453,DTLA_LAX
241.64859806664873,DTLA_LAX
242.43913834099752,DTLA_LAX
245.14172708452216,DTLA_LAX
246.3555271009085,DTLA_LAX
248.00709743614277,DTLA_LAX
251.34127897465666,DTLA_LAX
252.96138020215463,DTLA_LAX
254.12242222134398,DTLA_LAX
256.0717139872097,DTLA_LAX
258.3502661526867,DTLA_LAX
261.04755911474194,DTLA_LAX
261.96564405425056,DTLA_LAX
263.1110668098446,DTLA_LAX
264.93296603855697,DTLA_LAX
266.0300222190965,DTLA_LAX
266.82816593716956,DTLA_LAX
267.7086250457935,DTLA_LAX
269.0788760742384,DTLA_LAX
270.2682314850342,DTLA_LAX
274.6090624195365,DTLA_LAX
275.83273497317526,DTLA_LAX
278.4172987713999,DTLA_LAX
279.2755780665443,DTLA_LAX
280.1679306523225,DTLA_LAX
281.9691758983736,DTLA_LAX
283.016550797818,DTLA_LAX
283.735769989937,DTLA_LAX
284.89056503697196,DTLA_LAX
285.63472487099233,DTLA_LAX
287.2173081764054,DTLA_LAX
287.9493160108769,DTLA_LAX
288.3946144036819,DTLA_LAX
289.37367802116364,DTLA_LAX
290.4423092926234,DTLA_LAX
292.32970848552964,DTLA_LAX
294.1587966145301,DTLA_LAX
295.62554056699844,DTLA_LAX
296.8865359495454,DTLA_LAX
298.76297611956204,DTLA_LAX
299.5678141774546,DTLA_LAX
300.67624081102787,DTLA_LAX
301.77830761015116,DTLA_LAX
303.6669403634048,DTLA_LAX
304.74709646080396,DTLA_LAX
306.4209201656883,DTLA_LAX
307.3146749741165,DTLA_LAX
308.7191775437236,DTLA_LAX
309.87328290147457,DTLA_LAX
310.6343093769591,DTLA_LAX
311.8155200102028,DTLA_LAX
312.1343088499267,DTLA_LAX
313.4487850286864,DTLA_LAX
313.95131754012914,DTLA_LAX
314.64545960116783,DTLA_LAX
315.3396305742998,DTLA_LAX
316.8698954578159,DTLA_LAX
319.27077556116086,DTLA_LAX
321.29766135976774,DTLA_LAX
322.71722855959774,DTLA_LAX
324.81183586230816,DTLA_LAX
326.6116136685093,DTLA_LAX
327.86254679995227,DTLA_LAX
331.7508921965905,DTLA_LAX
332.6737677483908,DTLA_LAX
333.51011300795824,DTLA_LAX
334.5621821052194,DTLA_LAX
335.3049365656558,DTLA_LAX
336.3038211342763,DTLA_LAX
338.0446074033479,DTLA_LAX
339.4071889486862,DTLA_LAX
340.7020850236838,DTLA_LAX
342.83308306807606,DTLA_LAX
343.5009979017649,DTLA_LAX
345.4714838040916,DTLA_LAX
347.013693949286,DTLA_LAX
347.49781211722143,DTLA_LAX
348.45886013623067,DTLA_LAX
349.2067625661607,DTLA_LAX
351.0888529893298,DTLA_LAX
352.86621039596344,DTLA_LAX
354.4672331859704,DTLA_LAX
354.80425731463953,DTLA_LAX
356.3876163246918,DTLA_LAX
357.1034804778342,DTLA_LAX
357.6489079948378,DTLA_LAX
358.63073890963216,DTLA_LAX
359.3650025251392,DTLA_LAX
360.3088463264347,DTLA_LAX
361.0378851312065,DTLA_LAX
362.06583172674516,DTLA_LAX
362.6630771997261,DTLA_LAX
363.4827683910308,DTLA_LAX
364.0171581189333,DTLA_LAX
364.92937303668543,DTLA_LAX
365.883995214834,DTLA_LAX
366.22586089707863,DTLA_LAX
367.1317470397272,DTLA_LAX
367.89238628195426,DTLA_LAX
369.04069260894687,DTLA_LAX
369.393155789685,DTLA_LAX
370.4348264066912,DTLA_LAX
371.3214521724126,DTLA_LAX
372.6745426004802,DTLA_LAX
374.8472937908439,DTLA_LAX
376.0488751861468,DTLA_LAX
376.63617793783817,DTLA_LAX
377.8416296740687,DTLA_LAX
378.65074949151733,DTLA_LAX
379.37643637828575,DTLA_LAX
379.7575241579302,DTLA_LAX
380.25470004814616,DTLA_LAX
381.40186660380385,DTLA_LAX
382.1386569604474,DTLA_LAX
382.6455066013716,DTLA_LAX
383.26433413312157,DTLA_LAX
383.7765719903367,DTLA_LAX
384.26507206026554,DTLA_LAX
385.0701285802657,DTLA_LAX
385.7780069077903,DTLA_LAX
386.70339302168674,DTLA_LAX
387.24229430492784,DTLA_LAX
388.5876256310514,DTLA_LAX
389.76465920391087,DTLA_LAX
391.082304135458,DTLA_LAX
392.03547246986386,DTLA_LAX
392.85989574496944,DTLA_LAX
393.956321267633,DTLA_LAX
394.92388537345266,DTLA_LAX
395.2902858145548,DTLA_LAX
398.287765437644,DTLA_LAX
399.38845926993235,DTLA_LAX
400.3240973522915,DTLA_LAX
401.4870439192804,DTLA_LAX
402.93106726649694,DTLA_LAX
404.1215536708838,DTLA_LAX
406.1889311179376,DTLA_LAX
407.09449427301627,DTLA_LAX
407.85411806847117,DTLA_LAX
408.3662487723651,DTLA_LAX
409.67775236032395,DTLA_LAX
411.08678852628384,DTLA_LAX
411.789725266537,DTLA_LAX
412.49255821926727,DTLA_LAX
414.0769301440523,DTLA_LAX
414.98387222198426,DTLA_LAX
415.48934371023216,DTLA_LAX
415.87379915942563,DTLA_LAX
416.96463760260445,DTLA_LAX
418.62161501965596,DTLA_LAX
420.40596553733576,DTLA_LAX
422.2757741494308,DTLA_LAX
422.7716897456029,DTLA_LAX
424.0385040265073,DTLA_LAX
426.25302563844195,DTLA_LAX
426.62041084451675,DTLA_LAX
427.3339687879086,DTLA_LAX
427.8846952191516,DTLA_LAX
428.9804534392201,DTLA_LAX
429.31161991522896,DTLA_LAX
430.099561913944,DTLA_LAX
430.4295761956838,DTLA_LAX
432.0505783023309,DTLA_LAX
433.15455994418033,DTLA_LAX
435.03895518167496,DTLA_LAX
435.63350661675133,DTLA_LAX
436.7398128068977,DTLA_LAX
439.6359621777625,DTLA_LAX
441.2630960453721,DTLA_LAX
442.4389460690625,DTLA_LAX
443.67046785067754,DTLA_LAX
444.4188028624089,DTLA_LAX
444.68798223648105,DTLA_LAX
445.17430505219465,DTLA_LAX
445.80645573275774,DTLA_LAX
447.2940080809089,DTLA_LAX
448.10664776543547,DTLA_LAX
448.76407619156214,DTLA_LAX
450.30815558840123,DTLA_LAX
451.1708490000351,DTLA_LAX
451.9256496399129,DTLA_LAX
453.3121457020515,DTLA_LAX
454.6306150667591,DTLA_LAX
455.861879291376,DTLA_LAX
456.79161426892335,DTLA_LAX
457.8365483807489,DTLA_LAX
460.172568206577,DTLA_LAX
461.0170645649464,DTLA_LAX
461.7586812942604,DTLA_LAX
464.44310146733415,DTLA_LAX
465.244576291277,DTLA_LAX
466.63463832241086,DTLA_LAX
467.5429410622727,DTLA_LAX
469.46922722381396,DTLA_LAX
470.27054213806196,DTLA_LAX
471.3866255408009,DTLA_LAX
473.6948971929192,DTLA_LAX
474.2040405993879,DTLA_LAX
474.7960122827723,DTLA_LAX
475.49247236363465,DTLA_LAX
476.2798802955626,DTLA_LAX
478.94581201727675,DTLA_LAX
479.8953952722858,DTLA_LAX
481.566292373193,DTLA_LAX
482.89643684290434,DTLA_LAX
484.98507118721506,DTLA_LAX
486.5588381675211,DTLA_LAX
487.71396671617015,DTLA_LAX
488.9616983283769,DTLA_LAX
490.4551034660959,DTLA_LAX
490.77836644346826,DTLA_LAX
491.85365463227606,DTLA_LAX
492.57073501732015,DTLA_LAX
493.04747976176,DTLA_LAX
493.6286942269471,DTLA_LAX
495.42299689461686,DTLA_LAX
496.44704647697523,DTLA_LAX
498.5274183403421,DTLA_LAX
498.9611505710443,DTLA_LAX
500.89489839368275,DTLA_LAX
501.71681637364196,DTLA_LAX
503.5417752773928,DTLA_LAX
504.72961824413727,DTLA_LAX
506.4835958508911,DTLA_LAX
508.684704619916,DTLA_LAX
509.70566299415,DTLA_LAX
510.3367495583232,DTLA_LAX
511.8380919024919,DTLA_LAX
513.1646299977918,DTLA_LAX
514.233867665561,DTLA_LAX
515.4319082883333,DTLA_LAX
516.1847231082342,DTLA_LAX
519.4839319207138,DTLA_LAX
523.0122075331058,DTLA_LAX
525.1780129155183,DTLA_LAX
526.6332600600497,DTLA_LAX
528.4545454138574,DTLA_LAX
531.1292984286786,DTLA_LAX
532.8525852467171,DTLA_LAX
535.0836625936847,DTLA_LAX
535.5948092997224,DTLA_LAX
536.7271622555716,DTLA_LAX
538.7511568407523,DTLA_LAX
539.4272012742881,DTLA_LAX
542.0094671908583,DTLA_LAX
544.866396655676,DTLA_LAX
545.4984501700094,DTLA_LAX
546.6091021950705,DTLA_LAX
547.56896572323,DTLA_LAX
549.0261019705765,DTLA_LAX
550.2285515396476,DTLA_LAX
550.7518688645032,DTLA_LAX
553.7452305042109,DTLA_LAX
553.9175813454647,DTLA_LAX
555.6181978215739,DTLA_LAX
556.466520482399,DTLA_LAX
558.787690150806,DTLA_LAX
560.4523033006777,DTLA_LAX
562.1713710370636,DTLA_LAX
564.6260766450488,DTLA_LAX
566.0685075647774,DTLA_LAX
568.2190608834131,DTLA_LAX
569.1129438663332,DTLA_LAX
571.5680792445826,DTLA_LAX
574.7635778017548,DTLA_LAX
577.6797287474839,DTLA_LAX
578.3188269395854,DTLA_LAX
579.1783604991878,DTLA_LAX
580.7936797175902,DTLA_LAX
582.6064753745834,DTLA_LAX
584.3243552274216,DTLA_LAX
586.0197663068486,DTLA_LAX
587.2674039040664,DTLA_LAX
587.8804278721643,DTLA_LAX
588.4759535429893,DTLA_LAX
592.3205203405237,DTLA_LAX
593.1336618502992,DTLA_LAX
593.9040632235792,DTLA_LAX
595.3862655537889,DTLA_LAX
598.1252043033828,DTLA_LAX
599.5315849168707,DTLA_LAX
600.7478446821993,DTLA_LAX
601.1456567373793,DTLA_LAX
602.922335602355,DTLA_LAX
605.187640405092,DTLA_LAX
606.3704026195551,DTLA_LAX
608.0745266160561,DTLA_LAX
611.3990243574924,DTLA_LAX
612.3427529258366,DTLA_LAX
613.3167133323133,DTLA_LAX
614.4697160066132,DTLA_LAX
616.0974513984563,DTLA_LAX
617.3598972585546,DTLA_LAX
619.9292561515558,DTLA_LAX
621.9128388152866,DTLA_LAX
624.1432759025957,DTLA_LAX
626.7400383314969,DTLA_LAX
628.4102262766227,DTLA_LAX
630.6986387767229,DTLA_LAX
632.1793112322954,DTLA_LAX
632.9515993426104,DTLA_LAX
635.7709771877121,DTLA_LAX
636.8947658512673,DTLA_LAX
638.5033793221945,DTLA_LAX
640.9589680182702,DTLA_LAX
642.6398829814023,DTLA_LAX
643.5831845350906,DTLA_LAX
645.8068241390005,DTLA_LAX
646.5471836403223,DTLA_LAX
649.0016703206478,DTLA_LAX
651.4595878733132,DTLA_LAX
652.8002940384762,DTLA_LAX
653.5487173786419,DTLA_LAX
655.0860516094754,DTLA_LAX
657.4483458883136,DTLA_LAX
658.5951949758208,DTLA_LAX
659.2334912585247,DTLA_LAX
659.6947808832148,DTLA_LAX
662.1118225789767,DTLA_LAX
663.5466003612378,DTLA_LAX
665.5546645494915,DTLA_LAX
666.8183023273706,DTLA_LAX
667.6016417174345,DTLA_LAX
668.8231420451638,DTLA_LAX
669.8566547257307,DTLA_LAX
670.6411793423318,DTLA_LAX
671.7949199878706,DTLA_LAX
673.5545620184348,DTLA_LAX
675.2181604781715,DTLA_LAX
676.4780750317823,DTLA_LAX
677.6366331822344,DTLA_LAX
678.1505594527285,DTLA_LAX
678.6279569538565,DTLA_LAX
679.1559996897247,DTLA_LAX
681.8877120805455,DTLA_LAX
683.9894721266094,DTLA_LAX
686.9587281766442,DTLA_LAX
690.3556039414126,DTLA_LAX
691.9431502996551,DTLA_LAX
693.8540185978983,DTLA_LAX
695.7136516196341,DTLA_LAX
698.588639536387,DTLA_LAX
700.6771409193025,DTLA_LAX
703.0925812888207,DTLA_LAX
704.0500334288333,DTLA_LAX
707.7799088862837,DTLA_LAX
709.9372845861728,DTLA_LAX
711.8971678003466,DTLA_LAX
714.8162221408238,DTLA_LAX
717.5824514906841,DTLA_LAX
719.8018756153328,DTLA_LAX
720.4225777264944,DTLA_LAX
723.740367701304,DTLA_LAX
729.1177256280314,DTLA_LAX
732.1043693706781,DTLA_LAX
733.3731665461671,DTLA_LAX
736.4575479136286,DTLA_LAX
739.3331634086813,DTLA_LAX
741.2240579694407,DTLA_LAX
743.3822057361666,DTLA_LAX
746.7644124879946,DTLA_LAX
748.0156708246147,DTLA_LAX
752.1288279405528,DTLA_LAX
755.6110970656058,DTLA_LAX
756.681570218014,DTLA_LAX
758.6441977879458,DTLA_LAX
760.993433438422,DTLA_LAX
764.794546341762,DTLA_LAX
766.9967179063744,DTLA_LAX
770.0197444179466,DTLA_LAX
771.2706963071566,DTLA_LAX
772.8609170261288,DTLA_LAX
774.8098748696909,DTLA_LAX
777.2475852869579,DTLA_LAX
782.2439522809474,DTLA_LAX
783.4695313732859,DTLA_LAX
785.305531168262,DTLA_LAX
789.1449252087511,DTLA_LAX
790.9677422937846,DTLA_LAX
793.4157103202955,DTLA_LAX
795.5643628882317,DTLA_LAX
799.0204418750889,DTLA_LAX
800.7817216002353,DTLA_LAX
802.0744696184871,DTLA_LAX
804.9568125404068,DTLA_LAX
806.3126359143961,DTLA_LAX
808.2971617178073,DTLA_LAX
809.6883828750506,DTLA_LAX
811.5580860499392,DTLA_LAX
813.5205915696247,DTLA_LAX
815.144926303348,DTLA_LAX
817.0601452478148,DTLA_LAX
818.5376214799963,DTLA_LAX
819.0986679435276,DTLA_LAX
821.4878129894266,DTLA_LAX
823.5298119667619,DTLA_LAX
825.5892317950335,DTLA_LAX
828.5839832469153,DTLA_LAX
830.3934723367795,DTLA_LAX
832.5020006252665,DTLA_LAX
836.3778834749114,DTLA_LAX
838.1071205674451,DTLA_LAX
839.336850283545,DTLA_LAX
843.2558946161805,DTLA_LAX
844.006646864774,DTLA_LAX
846.3009142707685,DTLA_LAX
850.3317285600305,DTLA_LAX
850.954586066413,DTLA_LAX
852.60793380997,DTLA_LAX
854.2754449594408,DTLA_LAX
855.4462170683776,DTLA_LAX
857.5967548001857,DTLA_LAX
859.4831324722654,DTLA_LAX
860.25096914025,DTLA_LAX
861.1288284591716,DTLA_LAX
863.8658772499741,DTLA_LAX
864.7764942099749,DTLA_LAX
867.0388716197219,DTLA_LAX
869.0033718426167,DTLA_LAX
871.6960713879205,DTLA_LAX
873.5646928637078,DTLA_LAX
875.2886834645929,DTLA_LAX
876.7524551543381,DTLA_LAX
880.8716559976922,DTLA_LAX
882.7559016432239,DTLA_LAX
884.110965742351,DTLA_LAX
885.3559500697454,DTLA_LAX
887.1427566695851,DTLA_LAX
888.5245092330656,DTLA_LAX
889.8759206268601,DTLA_LAX
891.2997017731019,DTLA_LAX
892.488262724354,DTLA_LAX
894.8902509589813,DTLA_LAX
896.3220934504106,DTLA_LAX
898.0291881349037,DTLA_LAX
901.2755542444369,DTLA_LAX
904.3653003515509,DTLA_LAX
907.214481728116,DTLA_LAX
910.7281396921776,DTLA_LAX
913.7541056816028,DTLA_LAX
918.1122811125848,DTLA_LAX
922.0150871782294,DTLA_LAX
927.0817655755835,DTLA_LAX
927.6994036936924,DTLA_LAX
930.0760853447938,DTLA_LAX
934.0698217726169,DTLA_LAX
935.7073875550224,DTLA_LAX
937.4197643237175,DTLA_LAX
939.130960559448,DTLA_LAX
940.1493524955911,DTLA_LAX
941.2357449421103,DTLA_LAX
943.1134776949748,DTLA_LAX
944.3942762235216,DTLA_LAX
947.5595029377836,DTLA_LAX
949.3522848831784,DTLA_LAX
950.1071036074197,DTLA_LAX
953.6007095062888,DTLA_LAX
957.3964502919715,DTLA_LAX
959.0177048595921,DTLA_LAX
961.2561365878554,DTLA_LAX
962.6274597109218,DTLA_LAX
966.0844210113586,DTLA_LAX
967.3309092254003,DTLA_LAX
972.7892985988441,DTLA_LAX
974.9715377609458,DTLA_LAX
977.2806087996453,DTLA_LAX
979.8873053070414,DTLA_LAX
981.3805088950628,DTLA_LAX
983.8136132135196,DTLA_LAX
984.610598325555,DTLA_LAX
986.705492502567,DTLA_LAX
990.1542241406282,DTLA_LAX
993.1752138131161,DTLA_LAX
993.5981842901007,DTLA_LAX
996.5772164024637,DTLA_LAX
996.9881875546009,DTLA_LAX
999.783369515995,DTLA_LAX
1004.9326685785716,DTLA_LAX
1006.2909760407819,DTLA_LAX
1008.6429781595277,DTLA_LAX
1012.6018549225845,DTLA_LAX
1014.729192506605,DTLA_LAX
1015.7822685976821,DTLA_LAX
1019.0090644262947,DTLA_LAX
1020.5037635565703,DTLA_LAX
1022.5859543311547,DTLA_LAX
1025.820129317064,DTLA_LAX
1027.086150458696,DTLA_LAX
1028.0647580263458,DTLA_LAX
1028.9670866434417,DTLA_LAX
1033.4257376627195,DTLA_LAX
1035.046828319159,DTLA_LAX
1036.7261678099928,DTLA_LAX
1038.7573845440204,DTLA_LAX
1042.892318271734,DTLA_LAX
1044.1076302712033,DTLA_LAX
1046.1161800257496,DTLA_LAX
1048.2437106188295,DTLA_LAX
1050.3440723968363,DTLA_LAX
1051.9873511876144,DTLA_LAX
1056.601917067423,DTLA_LAX
1059.530191426617,DTLA_LAX
1060.526162915304,DTLA_LAX
1063.7146041832277,DTLA_LAX
1065.7162751315313,DTLA_LAX
1067.8267300714879,DTLA_LAX
1071.0765088238838,DTLA_LAX
1075.0214888932478,DTLA_LAX
1077.9611070451272,DTLA_LAX
1080.2606446023597,DTLA_LAX
1084.698159578435,DTLA_LAX
1091.6159700354517,DTLA_LAX
1098.2109839699328,DTLA_LAX
1105.6331281627035,DTLA_LAX
1109.2146132027283,DTLA_LAX
1112.111429506379,DTLA_LAX
1117.7701641930255,DTLA_LAX
1119.2354881095855,DTLA_LAX
1125.337294368367,DTLA_LAX
1128.145416444931,DTLA_LAX
1130.4165752525432,DTLA_LAX
1134.997937680557,DTLA_LAX
1141.180148166779,DTLA_LAX
1146.860242693569,DTLA_LAX
1149.1270707808321,DTLA_LAX
1151.4510783731207,DTLA_LAX
1154.2818617934352,DTLA_LAX
1156.8628326530418,DTLA_LAX
1159.6037858070845,DTLA_LAX
1160.773187097799,DTLA_LAX
1164.8416740392881,DTLA_LAX
1166.349550553493,DTLA_LAX
1168.9692553333934,DTLA_LAX
1170.225719021504,DTLA_LAX
1173.4897652656764,DTLA_LAX
1175.5918291024523,DTLA_LAX
1180.9325510261936,DTLA_LAX
1185.1340002120778,DTLA_LAX
1186.9391275050848,DTLA_LAX
1191.1046608426095,DTLA_LAX
1193.1406134005533,DTLA_LAX
1196.6285618834727,DTLA_LAX
1198.0183377303558,DTLA_LAX
1199.099686516376,DTLA_LAX
1205.2361877176281,DTLA_LAX
1208.2979251339732,DTLA_LAX
1212.1205499025964,DTLA_LAX
1215.0535272902976,DTLA_LAX
1217.2622817147255,DTLA_LAX
1220.1283467309408,DTLA_LAX
1220.658450216011,DTLA_LAX
1222.1731581810784,DTLA_LAX
1227.9792271105703,DTLA_LAX
1228.4331308949668,DTLA_LAX
1230.4355566202664,DTLA_LAX
1231.567947234823,DTLA_LAX
1233.4828107613278,DTLA_LAX
1235.1313825619388,DTLA_LAX
1238.0402020771542,DTLA_LAX
1241.5433067366976,DTLA_LAX
1245.6637244703459,DTLA_LAX
1248.172358827444,DTLA_LAX
1250.3370497560713,DTLA_LAX
1251.5254583141896,DTLA_LAX
1253.524822458468,DTLA_LAX
1255.5848425096472,DTLA_LAX
1256.6513860092714,DTLA_LAX
1258.2112919399406,DTLA_LAX
1262.3098589265946,DTLA_LAX
1265.631919742239,DTLA_LAX
1266.5295239909492,DTLA_LAX
1268.5610145510564,DTLA_LAX
1269.0801310495772,DTLA_LAX
1272.314070508231,DTLA_LAX
1274.6636062067362,DTLA_LAX
1275.6618836690952,DTLA_LAX
1276.464741828454,DTLA_LAX
1282.0859268066692,DTLA_LAX
1283.7760412556509,DTLA_LAX
1284.5561600696228,DTLA_LAX
1285.1556109980888,DTLA_LAX
1286.4451312136166,DTLA_LAX
1289.028597197529,DTLA_LAX
1291.888755322744,DTLA_LAX
1292.5115549669856,DTLA_LAX
1293.392274538256,DTLA_LAX
1296.5280309760753,DTLA_LAX
1297.6762072723166,DTLA_LAX
1300.117584285891,DTLA_LAX
1301.37265663474,DTLA_LAX
1304.4920935827276,DTLA_LAX
1306.0620301155952,DTLA_LAX
1308.4489085594653,DTLA_LAX
1310.0111881650687,DTLA_LAX
1311.4993047913058,DTLA_LAX
1313.7016294065722,DTLA_LAX
1315.3527424015163,DTLA_LAX
1317.4657897340478,DTLA_LAX
1320.700225338721,DTLA_LAX
1322.2859072548122,DTLA_LAX
1323.7453926878516,DTLA_LAX
1324.7590528741764,DTLA_LAX
1327.3046486311691,DTLA_LAX
1329.2677133493892,DTLA_LAX
1330.3692948775108,DTLA_LAX
1332.594730968796,DTLA_LAX
1333.888012945526,DTLA_LAX
1334.704784913441,DTLA_LAX
1336.3489196263204,DTLA_LAX
1338.4574724773674,DTLA_LAX
1339.6338719090816,DTLA_LAX
1341.8181773162441,DTLA_LAX
1343.9693967549103,DTLA_LAX
1345.4030855727306,DTLA_LAX
1348.32016528543,DTLA_LAX
1349.658672132462,DTLA_LAX
1352.408273412346,DTLA_LAX
1356.3673894613314,DTLA_LAX
1359.0966917066635,DTLA_LAX
1360.9944610540117,DTLA_LAX
1362.35816097284,DTLA_LAX
1366.1055827262255,DTLA_LAX
1369.0095663431493,DTLA_LAX
1370.4985182305645,DTLA_LAX
1372.7483539558016,DTLA_LAX
1375.7287897345007,DTLA_LAX
1379.689630184281,DTLA_LAX
1383.4592942934198,DTLA_LAX
1385.0509945087122,DTLA_LAX
1385.8600916888456,DTLA_LAX
1389.0613096694015,DTLA_LAX
1391.1101172655071,DTLA_LAX
1395.4083120391842,DTLA_LAX
1398.776050301274,DTLA_LAX
1403.6266825611806,DTLA_LAX
1406.338879812499,DTLA_LAX
1409.6171545951233,DTLA_LAX
1410.9779084462057,DTLA_LAX
1414.791712760525,DTLA_LAX
1419.0277166953156,DTLA_LAX
1421.0652215245884,DTLA_LAX
1425.5494079915443,DTLA_LAX
1429.7091666774013,DTLA_LAX
1434.8715297998647,DTLA_LAX
1439.9261932547645,DTLA_LAX
1440.0,DTLA_LAX
